yearly_agency_id,agency_id,data_year,ori,legacy_ori,covered_by_legacy_ori,direct_contributor_flag,dormant_flag,dormant_year,reporting_type,ucr_agency_name,ncic_agency_name,pub_agency_name,pub_agency_unit,agency_status,state_id,state_name,state_abbr,state_postal_abbr,division_code,division_name,region_code,region_name,region_desc,agency_type_name,population,submitting_agency_id,sai,submitting_agency_name,suburban_area_flag,population_group_id,population_group_code,population_group_desc,parent_pop_group_code,parent_pop_group_desc,mip_flag,pop_sort_order,summary_rape_def,pe_reported_flag,male_officer,male_civilian,male_officer+male_civilian,female_officer,female_civilian,female_officer+female_civilian,officer_rate,employee_rate,nibrs_cert_date,nibrs_start_date,nibrs_leoka_start_date,nibrs_ct_start_date,nibrs_multi_bias_start_date,nibrs_off_eth_start_date,covered_flag,county_name,msa_name,publishable_flag,participated,nibrs_participated
116962021,11696,2021,ND0010000,ND0010000,,N,N,,I,ADAMS,ADAMS CO SO HETTINGER,Adams,,A,33,North Dakota,ND,ND,4,West North Central,2,Midwest,Region II,County,2169,23380,NDUCR0001,Attorney General's Office Bureau of Criminal Investigation Information Services Section,N,16,8D,"Non-MSA counties under 10,000",8,Non-MSA Counties,N,16,,Y,5,0,5,0,1,1,2.3,2.8,1991-01-01,1991-01-01,1991-01-01,2014-09-01,2021-01-01,2021-01-01,N,ADAMS,Not Specified,Y,Y,Y
116972021,11697,2021,ND0020000,ND0020000,,N,N,,I,BARNES,BARNES CO SO VALLEY CITY,Barnes,,A,33,North Dakota,ND,ND,4,West North Central,2,Midwest,Region II,County,4051,23380,NDUCR0001,Attorney General's Office Bureau of Criminal Investigation Information Services Section,N,16,8D,"Non-MSA counties under 10,000",8,Non-MSA Counties,N,16,,Y,8,0,8,0,2,2,2.0,2.5,1991-01-01,1991-01-01,1991-01-01,2014-09-01,2021-01-01,2021-01-01,N,BARNES,Not Specified,Y,Y,Y
116982021,11698,2021,ND0020100,ND0020100,,N,N,,I,VALLEY CITY,VALLEY CITY PD,Valley City,,A,33,North Dakota,ND,ND,4,West North Central,2,Midwest,Region II,City,6268,23380,NDUCR0001,Attorney General's Office Bureau of Criminal Investigation Information Services Section,N,10,6,"Cities from 2,500 thru 9,999",6,"Cities from 2,500 thru 9,999",N,10,,Y,14,0,14,1,2,3,2.4,2.7,1991-01-01,1998-04-01,1998-04-01,2014-09-01,2021-01-01,2021-01-01,N,BARNES,Not Specified,Y,Y,Y
116992021,11699,2021,ND0030000,ND0030000,,N,N,,I,BENSON,BENSON CO SO MINNEWAUKAN,Benson,,A,33,North Dakota,ND,ND,4,West North Central,2,Midwest,Region II,County,6759,23380,NDUCR0001,Attorney General's Office Bureau of Criminal Investigation Information Services Section,N,16,8D,"Non-MSA counties under 10,000",8,Non-MSA Counties,N,16,,Y,4,0,4,0,0,0,0.6,0.6,1991-01-01,2009-11-01,2009-11-01,2014-12-01,2021-01-01,2021-01-01,N,BENSON,Not Specified,Y,Y,Y
117002021,11700,2021,ND0040000,ND0040000,,N,N,,I,BILLINGS,BILLINGS CO SO MEDORA,Billings,,A,33,North Dakota,ND,ND,4,West North Central,2,Midwest,Region II,County,775,23380,NDUCR0001,Attorney General's Office Bureau of Criminal Investigation Information Services Section,N,16,8D,"Non-MSA counties under 10,000",8,Non-MSA Counties,N,16,,Y,6,0,6,0,0,0,7.7,7.7,1991-01-01,2009-10-01,2009-10-01,2014-09-01,2020-07-01,2020-07-01,N,BILLINGS,Not Specified,Y,Y,Y
117012021,11701,2021,ND0040100,ND0040100,,N,N,,I,MEDORA,MEDORA PD,Medora,,A,33,North Dakota,ND,ND,4,West North Central,2,Midwest,Region II,City,125,23380,NDUCR0001,Attorney General's Office Bureau of Criminal Investigation Information Services Section,N,11,7,"Cities under 2,500",7,"Cities under 2,500",N,11,,Y,2,0,2,0,0,0,16.0,16.0,1991-01-01,2010-01-01,2010-01-01,2014-09-01,2020-10-01,2020-10-01,N,BILLINGS,Not Specified,Y,Y,Y
117022021,11702,2021,ND0050000,ND0050000,,N,N,,I,BOTTINEAU,BOTTINEAU CO SO BOTTINEAU,Bottineau,,A,33,North Dakota,ND,ND,4,West North Central,2,Midwest,Region II,County,6261,23380,NDUCR0001,Attorney General's Office Bureau of Criminal Investigation Information Services Section,N,16,8D,"Non-MSA counties under 10,000",8,Non-MSA Counties,N,16,,Y,11,3,14,0,6,6,1.8,3.2,1991-01-01,1991-01-01,1991-01-01,2014-09-01,2021-01-01,2021-01-01,N,BOTTINEAU,Not Specified,Y,Y,Y
117052021,11705,2021,ND0060000,ND0060000,,N,N,,I,BOWMAN,BOWMAN CO SO BOWMAN,Bowman,,A,33,North Dakota,ND,ND,4,West North Central,2,Midwest,Region II,County,1395,23380,NDUCR0001,Attorney General's Office Bureau of Criminal Investigation Information Services Section,N,16,8D,"Non-MSA counties under 10,000",8,Non-MSA Counties,N,16,,Y,4,0,4,0,1,1,2.9,3.6,1991-01-01,1992-02-01,1992-02-01,2015-03-01,2021-01-01,2021-01-01,N,BOWMAN,Not Specified,Y,Y,Y
117062021,11706,2021,ND0060100,ND0060100,,N,N,,I,BOWMAN,BOWMAN PD,Bowman,,A,33,North Dakota,ND,ND,4,West North Central,2,Midwest,Region II,City,1571,23380,NDUCR0001,Attorney General's Office Bureau of Criminal Investigation Information Services Section,N,11,7,"Cities under 2,500",7,"Cities under 2,500",N,11,,Y,4,0,4,0,0,0,2.5,2.5,1991-01-01,1991-01-01,1991-01-01,2015-04-01,2021-01-01,2021-01-01,N,BOWMAN,Not Specified,Y,Y,Y
117072021,11707,2021,ND0070000,ND0070000,,N,N,,I,BURKE,BURKE CO SO BOWBELLS,Burke,,A,33,North Dakota,ND,ND,4,West North Central,2,Midwest,Region II,County,1847,23380,NDUCR0001,Attorney General's Office Bureau of Criminal Investigation Information Services Section,N,16,8D,"Non-MSA counties under 10,000",8,Non-MSA Counties,N,16,,Y,5,0,5,1,0,1,3.2,3.2,1991-01-01,1991-01-01,1991-01-01,2014-11-01,2021-01-01,2021-01-01,N,BURKE,Not Specified,Y,Y,Y
117082021,11708,2021,ND0070500,ND0070500,,N,N,,I,POWERS LAKE,POWERS LAKE PD,Powers Lake,,A,33,North Dakota,ND,ND,4,West North Central,2,Midwest,Region II,City,284,23380,NDUCR0001,Attorney General's Office Bureau of Criminal Investigation Information Services Section,N,11,7,"Cities under 2,500",7,"Cities under 2,500",N,11,,Y,2,0,2,0,0,0,7.0,7.0,1991-01-01,1996-01-01,1996-01-01,2014-10-01,2021-01-01,2021-01-01,N,BURKE,Not Specified,Y,Y,Y
117092021,11709,2021,ND0080000,ND0080000,,N,N,,I,BURLEIGH,BURLEIGH CO SO BISMARCK,Burleigh,,A,33,North Dakota,ND,ND,4,West North Central,2,Midwest,Region II,County,18178,23380,NDUCR0001,Attorney General's Office Bureau of Criminal Investigation Information Services Section,Y,21,9C,"MSA counties from 10,000 thru 24,999",9,MSA Counties,N,21,,Y,48,1,49,3,8,11,2.8,3.3,1991-01-01,1992-06-01,1992-06-01,2014-09-01,2021-01-01,2021-01-01,N,BURLEIGH,"Bismarck, ND",Y,Y,Y
117102021,11710,2021,ND0080100,ND0080100,,N,N,,I,BISMARCK,BISMARCK PD,Bismarck,,A,33,North Dakota,ND,ND,4,West North Central,2,Midwest,Region II,City,75396,23380,NDUCR0001,Attorney General's Office Bureau of Criminal Investigation Information Services Section,N,7,3,"Cities from 50,000 thru 99,999",3,"Cities from 50,000 thru 99,999",N,7,,Y,114,12,126,12,18,30,1.7,2.1,1991-01-01,2004-01-01,2004-01-01,2014-10-01,2021-01-01,2021-01-01,N,BURLEIGH,"Bismarck, ND",Y,Y,Y
117112021,11711,2021,ND0080300,ND0080300,,N,N,,I,LINCOLN,LINCOLN PD,Lincoln,,A,33,North Dakota,ND,ND,4,West North Central,2,Midwest,Region II,City,4052,23380,NDUCR0001,Attorney General's Office Bureau of Criminal Investigation Information Services Section,Y,10,6,"Cities from 2,500 thru 9,999",6,"Cities from 2,500 thru 9,999",N,10,,Y,5,0,5,3,0,3,2.0,2.0,1991-01-01,2003-01-01,2003-01-01,2014-10-01,2021-01-01,2021-01-01,N,BURLEIGH,"Bismarck, ND",Y,Y,Y
117122021,11712,2021,ND0090000,ND0090000,,N,N,,I,CASS,CASS CO SO FARGO,Cass,,A,33,North Dakota,ND,ND,4,West North Central,2,Midwest,Region II,County,20297,23380,NDUCR0001,Attorney General's Office Bureau of Criminal Investigation Information Services Section,Y,21,9C,"MSA counties from 10,000 thru 24,999",9,MSA Counties,N,21,,Y,83,19,102,21,24,45,5.1,7.2,1991-01-01,1991-01-01,1991-01-01,2014-09-01,2021-01-01,2021-01-01,N,CASS,"Fargo, ND-MN",Y,Y,Y
117142021,11714,2021,ND0090200,ND0090200,,N,N,,I,FARGO,FARGO PD,Fargo,,A,33,North Dakota,ND,ND,4,West North Central,2,Midwest,Region II,City,127313,23380,NDUCR0001,Attorney General's Office Bureau of Criminal Investigation Information Services Section,N,6,2,"Cities from 100,000 thru 249,999",2,"Cities from 100,000 thru 249,999",Y,6,,Y,155,1,156,25,18,43,1.4,1.6,1991-01-01,1991-01-01,1991-01-01,2014-09-01,2021-01-01,2021-01-01,N,CASS,"Fargo, ND-MN",Y,Y,Y
117152021,11715,2021,ND0090300,ND0090300,,N,N,,I,WEST FARGO,WEST FARGO PD,West Fargo,,A,33,North Dakota,ND,ND,4,West North Central,2,Midwest,Region II,City,39704,23380,NDUCR0001,Attorney General's Office Bureau of Criminal Investigation Information Services Section,Y,8,4,"Cities from 25,000 thru 49,999",4,"Cities from 25,000 thru 49,999",N,8,,Y,61,1,62,7,12,19,1.7,2.0,1991-01-01,1991-08-01,1991-08-01,2014-09-01,2021-01-01,2021-01-01,N,CASS,"Fargo, ND-MN",Y,Y,Y
117162021,11716,2021,ND0090600,ND0090600,,N,N,,I,NORTH DAKOTA STATE UNIV,NORTH DAKOTA STATE UNIVERSITY POLICE DEPT FARGO,North Dakota State University,,A,33,North Dakota,ND,ND,4,West North Central,2,Midwest,Region II,University or College,0,23380,NDUCR0001,Attorney General's Office Bureau of Criminal Investigation Information Services Section,Y,11,7,"Cities under 2,500",7,"Cities under 2,500",N,11,,Y,10,1,11,5,1,6,0,0,1991-01-01,1997-01-01,1997-01-01,2014-09-01,2021-01-01,2021-01-01,N,CASS,"Fargo, ND-MN",Y,Y,Y
117172021,11717,2021,ND0100000,ND0100000,,N,N,,I,CAVALIER,CAVALIER CO SO LANGDON,Cavalier,,A,33,North Dakota,ND,ND,4,West North Central,2,Midwest,Region II,County,3680,23380,NDUCR0001,Attorney General's Office Bureau of Criminal Investigation Information Services Section,N,16,8D,"Non-MSA counties under 10,000",8,Non-MSA Counties,N,16,,Y,5,1,6,0,5,5,1.4,3.0,1991-01-01,1991-01-01,1991-01-01,2014-09-01,2021-01-01,2021-01-01,N,CAVALIER,Not Specified,Y,Y,Y
117192021,11719,2021,ND0110000,ND0110000,,N,N,,I,DICKEY,DICKEY CO SO ELLENDALE,Dickey,,A,33,North Dakota,ND,ND,4,West North Central,2,Midwest,Region II,County,1845,23380,NDUCR0001,Attorney General's Office Bureau of Criminal Investigation Information Services Section,N,16,8D,"Non-MSA counties under 10,000",8,Non-MSA Counties,N,16,,Y,4,0,4,0,1,1,2.2,2.7,1991-01-01,1991-01-01,1991-01-01,2014-09-01,2021-01-01,2021-01-01,N,DICKEY,Not Specified,Y,Y,Y
117202021,11720,2021,ND0110100,ND0110100,,N,N,,I,ELLENDALE,ELLENDALE PD,Ellendale,,A,33,North Dakota,ND,ND,4,West North Central,2,Midwest,Region II,City,1160,23380,NDUCR0001,Attorney General's Office Bureau of Criminal Investigation Information Services Section,N,11,7,"Cities under 2,500",7,"Cities under 2,500",N,11,,Y,2,0,2,0,0,0,1.7,1.7,1991-01-01,2008-06-01,2008-06-01,2014-09-01,2021-01-01,2021-01-01,N,DICKEY,Not Specified,Y,Y,Y
117212021,11721,2021,ND0110200,ND0110200,,N,N,,I,OAKES,OAKES PD,Oakes,,A,33,North Dakota,ND,ND,4,West North Central,2,Midwest,Region II,City,1639,23380,NDUCR0001,Attorney General's Office Bureau of Criminal Investigation Information Services Section,N,11,7,"Cities under 2,500",7,"Cities under 2,500",N,11,,Y,3,0,3,0,0,0,1.8,1.8,1991-01-01,1991-01-01,1991-01-01,2015-01-01,2021-01-01,2021-01-01,N,DICKEY,Not Specified,Y,Y,Y
117222021,11722,2021,ND0120000,ND0120000,,N,N,,I,DIVIDE,DIVIDE CO SO CROSBY,Divide,,A,33,North Dakota,ND,ND,4,West North Central,2,Midwest,Region II,County,2295,23380,NDUCR0001,Attorney General's Office Bureau of Criminal Investigation Information Services Section,N,16,8D,"Non-MSA counties under 10,000",8,Non-MSA Counties,N,16,,Y,5,0,5,0,1,1,2.2,2.6,1991-01-01,1991-01-01,1991-01-01,2014-10-01,2021-01-01,2021-01-01,N,DIVIDE,Not Specified,Y,Y,Y
117242021,11724,2021,ND0130000,ND0130000,,N,N,,I,DUNN,DUNN CO SO MANNING,Dunn,,A,33,North Dakota,ND,ND,4,West North Central,2,Midwest,Region II,County,3356,23380,NDUCR0001,Attorney General's Office Bureau of Criminal Investigation Information Services Section,N,16,8D,"Non-MSA counties under 10,000",8,Non-MSA Counties,N,16,,Y,21,0,21,1,2,3,6.6,7.2,1991-01-01,1991-01-01,1991-01-01,2014-09-01,2021-01-01,2021-01-01,N,DUNN,Not Specified,Y,Y,Y
117252021,11725,2021,ND0130200,ND0130200,,N,N,,I,KILLDEER,KILLDEER PD,Killdeer,,A,33,North Dakota,ND,ND,4,West North Central,2,Midwest,Region II,City,1209,23380,NDUCR0001,Attorney General's Office Bureau of Criminal Investigation Information Services Section,N,11,7,"Cities under 2,500",7,"Cities under 2,500",N,11,,Y,5,0,5,0,0,0,4.1,4.1,1991-01-01,2010-01-01,2010-01-01,2014-09-01,2021-01-01,2021-01-01,N,DUNN,Not Specified,Y,Y,Y
117262021,11726,2021,ND0140000,ND0140000,,N,N,,I,EDDY,EDDY CO SO NEW ROCKFORD,Eddy,,A,33,North Dakota,ND,ND,4,West North Central,2,Midwest,Region II,County,2155,23380,NDUCR0001,Attorney General's Office Bureau of Criminal Investigation Information Services Section,N,16,8D,"Non-MSA counties under 10,000",8,Non-MSA Counties,N,16,,Y,5,0,5,0,1,1,2.3,2.8,1991-01-01,1991-01-01,1991-01-01,2014-09-01,2021-01-01,2021-01-01,N,EDDY,Not Specified,Y,Y,Y
117282021,11728,2021,ND0150000,ND0150000,,N,N,,I,EMMONS,EMMONS CO SO LINTON,Emmons,,A,33,North Dakota,ND,ND,4,West North Central,2,Midwest,Region II,County,3149,23380,NDUCR0001,Attorney General's Office Bureau of Criminal Investigation Information Services Section,N,16,8D,"Non-MSA counties under 10,000",8,Non-MSA Counties,N,16,,Y,5,0,5,0,1,1,1.6,1.9,1991-01-01,1991-01-01,1991-01-01,2014-09-01,2021-01-01,2021-01-01,N,EMMONS,Not Specified,Y,Y,Y
117302021,11730,2021,ND0160000,ND0160000,,N,N,,I,FOSTER,FOSTER CO SO CARRINGTON,Foster,,A,33,North Dakota,ND,ND,4,West North Central,2,Midwest,Region II,County,1202,23380,NDUCR0001,Attorney General's Office Bureau of Criminal Investigation Information Services Section,N,16,8D,"Non-MSA counties under 10,000",8,Non-MSA Counties,N,16,,Y,3,0,3,0,0,0,2.5,2.5,1991-01-01,1991-02-01,1991-02-01,2015-03-01,2021-01-01,2021-01-01,N,FOSTER,Not Specified,Y,Y,Y
117312021,11731,2021,ND0160100,ND0160100,,N,N,,I,CARRINGTON,CARRINGTON PD,Carrington,,A,33,North Dakota,ND,ND,4,West North Central,2,Midwest,Region II,City,1940,23380,NDUCR0001,Attorney General's Office Bureau of Criminal Investigation Information Services Section,N,11,7,"Cities under 2,500",7,"Cities under 2,500",N,11,,Y,4,0,4,1,0,1,2.6,2.6,1991-01-01,1991-01-01,1991-01-01,2014-11-01,2021-01-01,2021-01-01,N,FOSTER,Not Specified,Y,Y,Y
117322021,11732,2021,ND0170000,ND0170000,,N,N,,I,GOLDEN VALLEY,GOLDEN VALLEY CO SO BEACH,Golden Valley,,A,33,North Dakota,ND,ND,4,West North Central,2,Midwest,Region II,County,1740,23380,NDUCR0001,Attorney General's Office Bureau of Criminal Investigation Information Services Section,N,16,8D,"Non-MSA counties under 10,000",8,Non-MSA Counties,N,16,,Y,4,0,4,0,1,1,2.3,2.9,1991-01-01,1995-05-01,1995-05-01,2014-09-01,2021-01-01,2021-01-01,N,GOLDEN VALLEY,Not Specified,Y,Y,Y
117332021,11733,2021,ND0180000,ND0180000,,N,N,,I,GRAND FORKS,GRAND FORKS CO SO GRAND FORKS,Grand Forks,,A,33,North Dakota,ND,ND,4,West North Central,2,Midwest,Region II,County,10985,23380,NDUCR0001,Attorney General's Office Bureau of Criminal Investigation Information Services Section,Y,21,9C,"MSA counties from 10,000 thru 24,999",9,MSA Counties,N,21,,Y,31,0,31,2,7,9,3.0,3.6,1991-01-01,1991-01-01,1991-01-01,2014-09-01,2021-01-01,2021-01-01,N,GRAND FORKS,"Grand Forks, ND-MN",Y,Y,Y
117342021,11734,2021,ND0180100,ND0180100,,N,N,,I,GRAND FORKS,GRAND FORKS PD,Grand Forks,,A,33,North Dakota,ND,ND,4,West North Central,2,Midwest,Region II,City,56253,23380,NDUCR0001,Attorney General's Office Bureau of Criminal Investigation Information Services Section,N,7,3,"Cities from 50,000 thru 99,999",3,"Cities from 50,000 thru 99,999",N,7,,Y,82,6,88,12,14,26,1.7,2.0,1991-01-01,1991-01-01,1991-01-01,2014-09-01,2021-01-01,2021-01-01,N,GRAND FORKS,"Grand Forks, ND-MN",Y,Y,Y
117362021,11736,2021,ND0180300,ND0180300,,N,N,,I,NORTHWOOD,NORTHWOOD PD,Northwood,,A,33,North Dakota,ND,ND,4,West North Central,2,Midwest,Region II,City,879,23380,NDUCR0001,Attorney General's Office Bureau of Criminal Investigation Information Services Section,Y,11,7,"Cities under 2,500",7,"Cities under 2,500",N,11,,Y,2,0,2,0,0,0,2.3,2.3,1991-01-01,1992-11-01,1992-11-01,2014-11-01,2021-01-01,2021-01-01,N,GRAND FORKS,"Grand Forks, ND-MN",Y,Y,Y
117372021,11737,2021,ND0180400,ND0180400,,N,N,,I,EMERADO,EMERADO PD,Emerado,,A,33,North Dakota,ND,ND,4,West North Central,2,Midwest,Region II,City,464,23380,NDUCR0001,Attorney General's Office Bureau of Criminal Investigation Information Services Section,Y,11,7,"Cities under 2,500",7,"Cities under 2,500",N,11,,Y,1,0,1,0,0,0,2.2,2.2,1991-01-01,1993-07-01,1993-07-01,2014-09-01,2021-01-01,2021-01-01,N,GRAND FORKS,"Grand Forks, ND-MN",Y,Y,Y
117382021,11738,2021,ND0180600,ND0180600,,N,N,,I,THOMPSON,THOMPSON PD,Thompson,,A,33,North Dakota,ND,ND,4,West North Central,2,Midwest,Region II,City,1031,23380,NDUCR0001,Attorney General's Office Bureau of Criminal Investigation Information Services Section,Y,11,7,"Cities under 2,500",7,"Cities under 2,500",N,11,,Y,1,0,1,0,0,0,1.0,1.0,1991-01-01,1991-04-01,1991-04-01,2014-11-01,2021-01-01,2021-01-01,N,GRAND FORKS,"Grand Forks, ND-MN",Y,Y,Y
117392021,11739,2021,ND0180800,ND0180800,,N,N,,I,UNIV OF NORTH DAKOTA,UNIV OF ND DEPT SFTY SCURITY/TRNING GRAND FORKS,University of North Dakota,,A,33,North Dakota,ND,ND,4,West North Central,2,Midwest,Region II,University or College,0,23380,NDUCR0001,Attorney General's Office Bureau of Criminal Investigation Information Services Section,Y,11,7,"Cities under 2,500",7,"Cities under 2,500",N,11,,Y,16,0,16,2,1,3,0,0,1991-01-01,1991-01-01,1991-01-01,2014-10-01,2021-01-01,2021-01-01,N,GRAND FORKS,"Grand Forks, ND-MN",Y,Y,Y
117402021,11740,2021,ND0190000,ND0190000,,N,N,,I,GRANT,GRANT CO SO CARSON,Grant,,A,33,North Dakota,ND,ND,4,West North Central,2,Midwest,Region II,County,2194,23380,NDUCR0001,Attorney General's Office Bureau of Criminal Investigation Information Services Section,N,16,8D,"Non-MSA counties under 10,000",8,Non-MSA Counties,N,16,,Y,4,0,4,1,0,1,2.3,2.3,1991-01-01,1991-01-01,1991-01-01,2014-09-01,2021-01-01,2021-01-01,N,GRANT,Not Specified,Y,Y,Y
117432021,11743,2021,ND0200000,ND0200000,,N,N,,I,GRIGGS,GRIGGS CO SO COOPERSTOWN,Griggs,,A,33,North Dakota,ND,ND,4,West North Central,2,Midwest,Region II,County,2183,23380,NDUCR0001,Attorney General's Office Bureau of Criminal Investigation Information Services Section,N,16,8D,"Non-MSA counties under 10,000",8,Non-MSA Counties,N,16,,Y,1,0,1,1,0,1,0.9,0.9,1991-01-01,1999-04-01,1999-04-01,2014-09-01,2021-01-01,2021-01-01,N,GRIGGS,Not Specified,Y,Y,Y
117452021,11745,2021,ND0210000,ND0210000,,N,N,,I,HETTINGER,HETTINGER CO SO MOTT,Hettinger,,A,33,North Dakota,ND,ND,4,West North Central,2,Midwest,Region II,County,2431,23380,NDUCR0001,Attorney General's Office Bureau of Criminal Investigation Information Services Section,N,16,8D,"Non-MSA counties under 10,000",8,Non-MSA Counties,N,16,,Y,5,0,5,2,1,3,2.9,3.3,1991-01-01,1991-01-01,1991-01-01,2014-11-01,2021-01-01,2021-01-01,N,HETTINGER,Not Specified,Y,Y,Y
117462021,11746,2021,ND0220000,ND0220000,,N,N,,I,KIDDER,KIDDER CO SO STEELE,Kidder,,A,33,North Dakota,ND,ND,4,West North Central,2,Midwest,Region II,County,1754,23380,NDUCR0001,Attorney General's Office Bureau of Criminal Investigation Information Services Section,N,16,8D,"Non-MSA counties under 10,000",8,Non-MSA Counties,N,16,,Y,2,0,2,1,0,1,1.7,1.7,1991-01-01,1991-01-01,1991-01-01,2014-09-01,2021-01-01,2021-01-01,N,KIDDER,Not Specified,Y,Y,Y
117472021,11747,2021,ND0220300,ND0220300,,N,N,,I,STEELE,STEELE PD,Steele,,A,33,North Dakota,ND,ND,4,West North Central,2,Midwest,Region II,City,701,23380,NDUCR0001,Attorney General's Office Bureau of Criminal Investigation Information Services Section,N,11,7,"Cities under 2,500",7,"Cities under 2,500",N,11,,Y,1,0,1,0,0,0,1.4,1.4,1991-01-01,1991-04-01,1991-04-01,2014-10-01,2021-01-01,2021-01-01,N,KIDDER,Not Specified,Y,Y,Y
117482021,11748,2021,ND0230000,ND0230000,,N,N,,I,LAMOURE,LA MOURE CO SO LA MOURE,Lamoure,,A,33,North Dakota,ND,ND,4,West North Central,2,Midwest,Region II,County,3132,23380,NDUCR0001,Attorney General's Office Bureau of Criminal Investigation Information Services Section,N,16,8D,"Non-MSA counties under 10,000",8,Non-MSA Counties,N,16,,Y,4,0,4,1,1,2,1.6,1.9,1991-01-01,1991-01-01,1991-01-01,2014-09-01,2021-01-01,2021-01-01,N,LAMOURE,Not Specified,Y,Y,Y
117502021,11750,2021,ND0230300,ND0230300,,N,N,,I,LAMOURE,LA MOURE PD,Lamoure,,A,33,North Dakota,ND,ND,4,West North Central,2,Midwest,Region II,City,884,23380,NDUCR0001,Attorney General's Office Bureau of Criminal Investigation Information Services Section,N,11,7,"Cities under 2,500",7,"Cities under 2,500",N,11,,Y,1,0,1,0,0,0,1.1,1.1,1991-01-01,1997-01-01,1997-01-01,2014-09-01,2021-01-01,2021-01-01,N,LAMOURE,Not Specified,Y,Y,Y
117512021,11751,2021,ND0240000,ND0240000,,N,N,,I,LOGAN,LOGAN CO SO NAPOLEON,Logan,,A,33,North Dakota,ND,ND,4,West North Central,2,Midwest,Region II,County,1110,23380,NDUCR0001,Attorney General's Office Bureau of Criminal Investigation Information Services Section,N,16,8D,"Non-MSA counties under 10,000",8,Non-MSA Counties,N,16,,Y,3,0,3,0,0,0,2.7,2.7,1991-01-01,1991-01-01,1991-01-01,2014-10-01,2021-01-01,2021-01-01,N,LOGAN,Not Specified,Y,Y,Y
117532021,11753,2021,ND0240300,ND0240300,,N,N,,I,NAPOLEON,NAPOLEON PD,Napoleon,,A,33,North Dakota,ND,ND,4,West North Central,2,Midwest,Region II,City,756,23380,NDUCR0001,Attorney General's Office Bureau of Criminal Investigation Information Services Section,N,11,7,"Cities under 2,500",7,"Cities under 2,500",N,11,,Y,1,0,1,0,0,0,1.3,1.3,1991-01-01,1991-01-01,1991-01-01,2014-10-01,2021-01-01,2021-01-01,N,LOGAN,Not Specified,Y,Y,Y
117542021,11754,2021,ND0250000,ND0250000,,N,N,,I,MCHENRY,MCHENRY CO SO TOWNER,McHenry,,A,33,North Dakota,ND,ND,4,West North Central,2,Midwest,Region II,County,5716,23380,NDUCR0001,Attorney General's Office Bureau of Criminal Investigation Information Services Section,N,16,8D,"Non-MSA counties under 10,000",8,Non-MSA Counties,N,16,,Y,6,0,6,2,0,2,1.4,1.4,1991-01-01,1991-01-01,1991-01-01,2014-09-01,2021-01-01,2021-01-01,N,MCHENRY,Not Specified,Y,Y,Y
117562021,11756,2021,ND0260000,ND0260000,,N,N,,I,MCINTOSH,MCINTOSH CO SO ASHLEY,McIntosh,,A,33,North Dakota,ND,ND,4,West North Central,2,Midwest,Region II,County,1545,23380,NDUCR0001,Attorney General's Office Bureau of Criminal Investigation Information Services Section,N,16,8D,"Non-MSA counties under 10,000",8,Non-MSA Counties,N,16,,Y,2,0,2,1,0,1,1.9,1.9,1991-01-01,1991-01-01,1991-01-01,2014-11-01,2021-01-01,2021-01-01,N,MCINTOSH,Not Specified,Y,Y,Y
117572021,11757,2021,ND0260200,ND0260200,,N,N,,I,WISHEK,WISHEK PD,Wishek,,A,33,North Dakota,ND,ND,4,West North Central,2,Midwest,Region II,City,858,23380,NDUCR0001,Attorney General's Office Bureau of Criminal Investigation Information Services Section,N,11,7,"Cities under 2,500",7,"Cities under 2,500",N,11,,Y,2,0,2,0,0,0,2.3,2.3,1991-01-01,1991-06-01,1991-06-01,2015-01-01,2021-01-01,2021-01-01,N,MCINTOSH,Not Specified,Y,Y,Y
117582021,11758,2021,ND0270000,ND0270000,,N,N,,I,MCKENZIE,MCKENZIE CO SO WATFORD CITY,McKenzie,,A,33,North Dakota,ND,ND,4,West North Central,2,Midwest,Region II,County,7323,23380,NDUCR0001,Attorney General's Office Bureau of Criminal Investigation Information Services Section,N,16,8D,"Non-MSA counties under 10,000",8,Non-MSA Counties,N,16,,Y,32,0,32,10,20,30,5.7,8.5,1991-01-01,1991-01-01,1991-01-01,2014-10-01,2021-01-01,2021-01-01,N,MCKENZIE,Not Specified,Y,Y,Y
117592021,11759,2021,ND0270100,ND0270100,,N,N,,I,WATFORD CITY,WATFORD CITY PD,Watford City,,A,33,North Dakota,ND,ND,4,West North Central,2,Midwest,Region II,City,9301,23380,NDUCR0001,Attorney General's Office Bureau of Criminal Investigation Information Services Section,N,10,6,"Cities from 2,500 thru 9,999",6,"Cities from 2,500 thru 9,999",N,10,,Y,18,0,18,3,6,9,2.3,2.9,1991-01-01,1991-01-01,1991-01-01,2014-10-01,2021-01-01,2021-01-01,N,MCKENZIE,Not Specified,Y,Y,Y
117602021,11760,2021,ND0280000,ND0280000,,N,N,,I,MCLEAN,MCLEAN CO SO WASHBURN,McLean,,A,33,North Dakota,ND,ND,4,West North Central,2,Midwest,Region II,County,7985,23380,NDUCR0001,Attorney General's Office Bureau of Criminal Investigation Information Services Section,N,16,8D,"Non-MSA counties under 10,000",8,Non-MSA Counties,N,16,,Y,25,7,32,1,6,7,3.3,4.9,1991-01-01,1991-01-01,1991-01-01,2014-09-01,2021-01-01,2021-01-01,N,MCLEAN,Not Specified,Y,Y,Y
117612021,11761,2021,ND0290000,ND0290000,,N,N,,I,MERCER,MERCER CO SO STANTON,Mercer,,A,33,North Dakota,ND,ND,4,West North Central,2,Midwest,Region II,County,2685,23380,NDUCR0001,Attorney General's Office Bureau of Criminal Investigation Information Services Section,N,16,8D,"Non-MSA counties under 10,000",8,Non-MSA Counties,N,16,,Y,14,2,16,2,10,12,6.0,10.4,1991-01-01,1991-01-01,1991-01-01,2014-10-01,2021-01-01,2021-01-01,N,MERCER,Not Specified,Y,Y,Y
117622021,11762,2021,ND0290100,ND0290100,,N,N,,I,BEULAH,BEULAH PD,Beulah,,A,33,North Dakota,ND,ND,4,West North Central,2,Midwest,Region II,City,3129,23380,NDUCR0001,Attorney General's Office Bureau of Criminal Investigation Information Services Section,N,10,6,"Cities from 2,500 thru 9,999",6,"Cities from 2,500 thru 9,999",N,10,,Y,6,0,6,0,1,1,1.9,2.2,1991-01-01,1991-01-01,1991-01-01,2014-10-01,2021-01-01,2021-01-01,N,MERCER,Not Specified,Y,Y,Y
117632021,11763,2021,ND0290200,ND0290200,,N,N,,I,HAZEN,HAZEN PD,Hazen,,A,33,North Dakota,ND,ND,4,West North Central,2,Midwest,Region II,City,2322,23380,NDUCR0001,Attorney General's Office Bureau of Criminal Investigation Information Services Section,N,11,7,"Cities under 2,500",7,"Cities under 2,500",N,11,,Y,4,0,4,1,0,1,2.2,2.2,1991-01-01,1991-01-01,1991-01-01,2014-11-01,2021-01-01,2021-01-01,N,MERCER,Not Specified,Y,Y,Y
117652021,11765,2021,ND0300000,ND0300000,,N,N,,I,MORTON,MORTON CO SO MANDAN,Morton,,A,33,North Dakota,ND,ND,4,West North Central,2,Midwest,Region II,County,8577,23380,NDUCR0001,Attorney General's Office Bureau of Criminal Investigation Information Services Section,Y,22,9D,"MSA counties under 10,000",9,MSA Counties,N,22,,Y,33,0,33,6,0,6,4.5,4.5,1991-01-01,1991-03-01,1991-03-01,2014-09-01,2021-01-01,2021-01-01,N,MORTON,"Bismarck, ND",Y,Y,Y
117662021,11766,2021,ND0300200,ND0300200,,N,N,,I,MANDAN,MANDAN PD,Mandan,,A,33,North Dakota,ND,ND,4,West North Central,2,Midwest,Region II,City,23292,23380,NDUCR0001,Attorney General's Office Bureau of Criminal Investigation Information Services Section,Y,9,5,"Cities from 10,000 thru 24,999",5,"Cities from 10,000 thru 24,999",N,9,,Y,31,4,35,9,3,12,1.7,2.0,1991-01-01,2000-05-01,2000-05-01,2014-09-01,2021-01-01,2021-01-01,N,MORTON,"Bismarck, ND",Y,Y,Y
117682021,11768,2021,ND0310000,ND0310000,,N,N,,I,MOUNTRAIL,MOUNTRAIL CO SO STANLEY,Mountrail,,A,33,North Dakota,ND,ND,4,West North Central,2,Midwest,Region II,County,5226,23380,NDUCR0001,Attorney General's Office Bureau of Criminal Investigation Information Services Section,N,16,8D,"Non-MSA counties under 10,000",8,Non-MSA Counties,N,16,,Y,9,4,13,2,8,10,2.1,4.4,1991-01-01,1991-01-01,1991-01-01,2014-09-01,2021-01-01,2021-01-01,N,MOUNTRAIL,Not Specified,Y,Y,Y
117692021,11769,2021,ND0310100,ND0310100,,N,N,,I,NEW TOWN,NEW TOWN PD,New Town,,A,33,North Dakota,ND,ND,4,West North Central,2,Midwest,Region II,City,2706,23380,NDUCR0001,Attorney General's Office Bureau of Criminal Investigation Information Services Section,N,10,6,"Cities from 2,500 thru 9,999",6,"Cities from 2,500 thru 9,999",N,10,,Y,3,0,3,3,1,4,2.2,2.6,1991-01-01,2013-01-01,2013-01-01,2014-09-01,2021-01-01,2021-01-01,N,MOUNTRAIL,Not Specified,Y,Y,Y
117712021,11771,2021,ND0310300,ND0310300,,N,N,,I,STANLEY,STANLEY PD,Stanley,,A,33,North Dakota,ND,ND,4,West North Central,2,Midwest,Region II,City,2885,23380,NDUCR0001,Attorney General's Office Bureau of Criminal Investigation Information Services Section,N,10,6,"Cities from 2,500 thru 9,999",6,"Cities from 2,500 thru 9,999",N,10,,Y,4,0,4,0,0,0,1.4,1.4,1991-01-01,2008-03-01,2008-03-01,2014-09-01,2021-01-01,2021-01-01,N,MOUNTRAIL,Not Specified,Y,Y,Y
117722021,11772,2021,ND0320000,ND0320000,,N,N,,I,NELSON,NELSON CO SO LAKOTA,Nelson,,A,33,North Dakota,ND,ND,4,West North Central,2,Midwest,Region II,County,2753,23380,NDUCR0001,Attorney General's Office Bureau of Criminal Investigation Information Services Section,N,16,8D,"Non-MSA counties under 10,000",8,Non-MSA Counties,N,16,,Y,4,0,4,1,1,2,1.8,2.2,1991-01-01,1991-01-01,1991-01-01,2014-10-01,2021-01-01,2021-01-01,N,NELSON,Not Specified,Y,Y,Y
117732021,11773,2021,ND0330000,ND0330000,,N,N,,I,OLIVER,OLIVER CO SO CENTER,Oliver,,A,33,North Dakota,ND,ND,4,West North Central,2,Midwest,Region II,County,1931,23380,NDUCR0001,Attorney General's Office Bureau of Criminal Investigation Information Services Section,Y,22,9D,"MSA counties under 10,000",9,MSA Counties,N,22,,Y,4,0,4,0,1,1,2.1,2.6,1991-01-01,1992-04-01,1992-04-01,2014-10-01,2021-01-01,2021-01-01,N,OLIVER,"Bismarck, ND",Y,Y,Y
117742021,11774,2021,ND0340000,ND0340000,,N,N,,I,PEMBINA,PEMBINA CO SO CAVALIER,Pembina,,A,33,North Dakota,ND,ND,4,West North Central,2,Midwest,Region II,County,4667,23380,NDUCR0001,Attorney General's Office Bureau of Criminal Investigation Information Services Section,N,16,8D,"Non-MSA counties under 10,000",8,Non-MSA Counties,N,16,,Y,9,4,13,0,1,1,1.9,3.0,1991-01-01,1991-01-01,1991-01-01,2014-09-01,2021-01-01,2021-01-01,N,PEMBINA,Not Specified,Y,Y,Y
117752021,11775,2021,ND0340100,ND0340100,,N,N,,I,CAVALIER,CAVALIER PD,Cavalier,,A,33,North Dakota,ND,ND,4,West North Central,2,Midwest,Region II,City,1190,23380,NDUCR0001,Attorney General's Office Bureau of Criminal Investigation Information Services Section,N,11,7,"Cities under 2,500",7,"Cities under 2,500",N,11,,Y,3,0,3,0,0,0,2.5,2.5,1991-01-01,1991-01-01,1991-01-01,2014-09-01,2021-01-01,2021-01-01,N,PEMBINA,Not Specified,Y,Y,Y
117762021,11776,2021,ND0350000,ND0350000,,N,N,,I,PIERCE,PIERCE CO SO RUGBY,Pierce,,A,33,North Dakota,ND,ND,4,West North Central,2,Midwest,Region II,County,1343,23380,NDUCR0001,Attorney General's Office Bureau of Criminal Investigation Information Services Section,N,16,8D,"Non-MSA counties under 10,000",8,Non-MSA Counties,N,16,,Y,4,18,22,0,16,16,3.0,28.3,1991-01-01,1991-01-01,1991-01-01,2015-01-01,2021-01-01,2021-01-01,N,PIERCE,Not Specified,Y,Y,Y
117772021,11777,2021,ND0350100,ND0350100,,N,N,,I,RUGBY,RUGBY PD,Rugby,,A,33,North Dakota,ND,ND,4,West North Central,2,Midwest,Region II,City,2538,23380,NDUCR0001,Attorney General's Office Bureau of Criminal Investigation Information Services Section,N,10,6,"Cities from 2,500 thru 9,999",6,"Cities from 2,500 thru 9,999",N,10,,Y,4,0,4,0,0,0,1.6,1.6,1991-01-01,1995-08-01,1995-08-01,2014-09-01,2021-01-01,2021-01-01,N,PIERCE,Not Specified,Y,Y,Y
117782021,11778,2021,ND0360000,ND0360000,,N,N,,I,RAMSEY,RAMSEY CO SO DEVILS LAKE,Ramsey,,A,33,North Dakota,ND,ND,4,West North Central,2,Midwest,Region II,County,4124,23380,NDUCR0001,Attorney General's Office Bureau of Criminal Investigation Information Services Section,N,16,8D,"Non-MSA counties under 10,000",8,Non-MSA Counties,N,16,,Y,9,0,9,0,1,1,2.2,2.4,1991-01-01,2010-01-01,2010-01-01,2014-09-01,2021-01-01,2021-01-01,N,RAMSEY,Not Specified,Y,Y,Y
117792021,11779,2021,ND0360100,ND0360100,,N,N,,I,DEVILS LAKE,DEVILS LAKE PD,Devils Lake,,A,33,North Dakota,ND,ND,4,West North Central,2,Midwest,Region II,City,7237,23380,NDUCR0001,Attorney General's Office Bureau of Criminal Investigation Information Services Section,N,10,6,"Cities from 2,500 thru 9,999",6,"Cities from 2,500 thru 9,999",N,10,,Y,15,1,16,4,1,5,2.6,2.9,1991-01-01,2010-01-01,2010-01-01,2014-09-01,2021-01-01,2021-01-01,N,RAMSEY,Not Specified,Y,Y,Y
117802021,11780,2021,ND0370000,ND0370000,,N,N,,I,RANSOM,RANSOM CO SO LISBON,Ransom,,A,33,North Dakota,ND,ND,4,West North Central,2,Midwest,Region II,County,3136,23380,NDUCR0001,Attorney General's Office Bureau of Criminal Investigation Information Services Section,N,16,8D,"Non-MSA counties under 10,000",8,Non-MSA Counties,N,16,,Y,5,0,5,0,1,1,1.6,1.9,1991-01-01,1991-01-01,1991-01-01,2014-10-01,2021-01-01,2021-01-01,N,RANSOM,Not Specified,Y,Y,Y
117822021,11782,2021,ND0370200,ND0370200,,N,N,,I,LISBON,LISBON PD,Lisbon,,A,33,North Dakota,ND,ND,4,West North Central,2,Midwest,Region II,City,2002,23380,NDUCR0001,Attorney General's Office Bureau of Criminal Investigation Information Services Section,N,11,7,"Cities under 2,500",7,"Cities under 2,500",N,11,,Y,4,0,4,0,0,0,2.0,2.0,1991-01-01,2004-02-01,2004-02-01,2014-09-01,2021-01-01,2021-01-01,N,RANSOM,Not Specified,Y,Y,Y
117832021,11783,2021,ND0380000,ND0380000,,N,N,,I,RENVILLE,RENVILLE CO SO MOHALL,Renville,,A,33,North Dakota,ND,ND,4,West North Central,2,Midwest,Region II,County,2260,23380,NDUCR0001,Attorney General's Office Bureau of Criminal Investigation Information Services Section,N,16,8D,"Non-MSA counties under 10,000",8,Non-MSA Counties,N,16,,Y,5,0,5,2,1,3,3.1,3.5,1991-01-01,1991-01-01,1991-01-01,2014-11-01,2021-01-01,2021-01-01,N,RENVILLE,Not Specified,Y,Y,Y
117852021,11785,2021,ND0390000,ND0390000,,N,N,,I,RICHLAND,RICHLAND CO SO WAHPETON,Richland,,A,33,North Dakota,ND,ND,4,West North Central,2,Midwest,Region II,County,8385,23380,NDUCR0001,Attorney General's Office Bureau of Criminal Investigation Information Services Section,N,16,8D,"Non-MSA counties under 10,000",8,Non-MSA Counties,N,16,,Y,13,5,18,2,15,17,1.8,4.2,1991-01-01,1991-01-01,1991-01-01,2014-09-01,2021-01-01,2021-01-01,N,RICHLAND,Not Specified,Y,Y,Y
117862021,11786,2021,ND0390300,ND0390300,,N,N,,I,WAHPETON,WAHPETON PD,Wahpeton,,A,33,North Dakota,ND,ND,4,West North Central,2,Midwest,Region II,City,7725,23380,NDUCR0001,Attorney General's Office Bureau of Criminal Investigation Information Services Section,N,10,6,"Cities from 2,500 thru 9,999",6,"Cities from 2,500 thru 9,999",N,10,,Y,12,0,12,4,2,6,2.1,2.3,1991-01-01,1991-03-01,1991-03-01,2014-09-01,2021-01-01,2021-01-01,N,RICHLAND,Not Specified,Y,Y,Y
117872021,11787,2021,ND0390600,ND0390600,,N,N,,I,ND ST COLLEGE OF SCIENCE,ND STATE COLLEGE OF SCIENCE CAMPUS POLICE,North Dakota State College of Science,,A,33,North Dakota,ND,ND,4,West North Central,2,Midwest,Region II,University or College,0,23380,NDUCR0001,Attorney General's Office Bureau of Criminal Investigation Information Services Section,N,11,7,"Cities under 2,500",7,"Cities under 2,500",N,11,,Y,2,0,2,1,0,1,0,0,1991-01-01,2002-01-01,2002-01-01,2014-11-01,2021-01-01,2021-01-01,N,RICHLAND,Not Specified,Y,Y,Y
117882021,11788,2021,ND0400000,ND0400000,,N,N,,I,ROLETTE,ROLETTE CO SO ROLLA,Rolette,,A,33,North Dakota,ND,ND,4,West North Central,2,Midwest,Region II,County,11533,23380,NDUCR0001,Attorney General's Office Bureau of Criminal Investigation Information Services Section,N,15,8C,"Non-MSA counties from 10,000 thru 24,999",8,Non-MSA Counties,N,15,,Y,8,9,17,0,7,7,0.7,2.1,1991-01-01,1991-01-01,1991-01-01,2015-01-01,2021-01-01,2021-01-01,N,ROLETTE,Not Specified,Y,Y,Y
117892021,11789,2021,ND0400100,ND0400100,,N,N,,I,DUNSEITH,DUNSEITH PD,Dunseith,,A,33,North Dakota,ND,ND,4,West North Central,2,Midwest,Region II,City,767,23380,NDUCR0001,Attorney General's Office Bureau of Criminal Investigation Information Services Section,N,11,7,"Cities under 2,500",7,"Cities under 2,500",N,11,,Y,3,0,3,0,0,0,3.9,3.9,1991-01-01,2021-05-01,2021-07-01,2021-07-01,2021-07-01,2021-07-01,N,ROLETTE,Not Specified,Y,Y,Y
117902021,11790,2021,ND0400200,ND0400200,,N,N,,I,ROLLA,ROLLA PD,Rolla,,A,33,North Dakota,ND,ND,4,West North Central,2,Midwest,Region II,City,1271,23380,NDUCR0001,Attorney General's Office Bureau of Criminal Investigation Information Services Section,N,11,7,"Cities under 2,500",7,"Cities under 2,500",N,11,,Y,4,0,4,0,0,0,3.1,3.1,1991-01-01,2004-06-01,2004-06-01,2014-09-01,2021-01-01,2021-01-01,N,ROLETTE,Not Specified,Y,Y,Y
117922021,11792,2021,ND0410000,ND0410000,,N,N,,I,SARGENT,SARGENT CO SO FORMAN,Sargent,,A,33,North Dakota,ND,ND,4,West North Central,2,Midwest,Region II,County,3917,23380,NDUCR0001,Attorney General's Office Bureau of Criminal Investigation Information Services Section,N,16,8D,"Non-MSA counties under 10,000",8,Non-MSA Counties,N,16,,Y,5,0,5,0,1,1,1.3,1.5,1991-01-01,1991-01-01,1991-01-01,2014-09-01,2021-01-01,2021-01-01,N,SARGENT,Not Specified,Y,Y,Y
117942021,11794,2021,ND0420000,ND0420000,,N,N,,I,SHERIDAN,SHERIDAN CO SO MC CLUSKY,Sheridan,,A,33,North Dakota,ND,ND,4,West North Central,2,Midwest,Region II,County,1269,23380,NDUCR0001,Attorney General's Office Bureau of Criminal Investigation Information Services Section,N,16,8D,"Non-MSA counties under 10,000",8,Non-MSA Counties,N,16,,Y,3,0,3,0,0,0,2.4,2.4,1991-01-01,1991-01-01,1991-01-01,2014-09-01,2021-01-01,2021-01-01,N,SHERIDAN,Not Specified,Y,Y,Y
117952021,11795,2021,ND0430000,ND0430000,,N,N,,I,SIOUX,SIOUX CO SO FORT YATES,Sioux,,A,33,North Dakota,ND,ND,4,West North Central,2,Midwest,Region II,County,4168,23380,NDUCR0001,Attorney General's Office Bureau of Criminal Investigation Information Services Section,N,16,8D,"Non-MSA counties under 10,000",8,Non-MSA Counties,N,16,,Y,1,0,1,0,0,0,0.2,0.2,1991-01-01,2010-01-01,2010-01-01,2015-01-01,2021-01-01,2021-01-01,N,SIOUX,Not Specified,Y,Y,Y
117962021,11796,2021,ND0440000,ND0440000,,N,N,,I,SLOPE,SLOPE CO SO AMIDON,Slope,,A,33,North Dakota,ND,ND,4,West North Central,2,Midwest,Region II,County,748,23380,NDUCR0001,Attorney General's Office Bureau of Criminal Investigation Information Services Section,N,16,8D,"Non-MSA counties under 10,000",8,Non-MSA Counties,N,16,,Y,1,0,1,0,0,0,1.3,1.3,1991-01-01,1991-01-01,1991-01-01,2014-09-01,2021-01-01,2021-01-01,N,SLOPE,Not Specified,Y,Y,Y
117972021,11797,2021,ND0450000,ND0450000,,N,N,,I,STARK,STARK CO SO DICKINSON,Stark,,A,33,North Dakota,ND,ND,4,West North Central,2,Midwest,Region II,County,7721,23380,NDUCR0001,Attorney General's Office Bureau of Criminal Investigation Information Services Section,N,16,8D,"Non-MSA counties under 10,000",8,Non-MSA Counties,N,16,,Y,25,0,25,3,5,8,3.6,4.3,1991-01-01,1991-01-01,1991-01-01,2014-09-01,2021-01-01,2021-01-01,N,STARK,Not Specified,Y,Y,Y
117982021,11798,2021,ND0450100,ND0450100,,N,N,,I,DICKINSON,DICKINSON POLICE DEPARTMENT,Dickinson,,A,33,North Dakota,ND,ND,4,West North Central,2,Midwest,Region II,City,24179,23380,NDUCR0001,Attorney General's Office Bureau of Criminal Investigation Information Services Section,N,9,5,"Cities from 10,000 thru 24,999",5,"Cities from 10,000 thru 24,999",N,9,,Y,35,1,36,7,21,28,1.7,2.6,1991-01-01,1992-05-01,1992-05-01,2014-09-01,2021-01-01,2021-01-01,N,STARK,Not Specified,Y,Y,Y
117992021,11799,2021,ND0450200,ND0450200,,N,N,,I,BELFIELD,BELFIELD PD,Belfield,,A,33,North Dakota,ND,ND,4,West North Central,2,Midwest,Region II,City,1063,23380,NDUCR0001,Attorney General's Office Bureau of Criminal Investigation Information Services Section,N,11,7,"Cities under 2,500",7,"Cities under 2,500",N,11,,N,0,0,0,0,0,0,0.0,0.0,1991-01-01,2009-12-01,2009-12-01,2014-09-01,2021-01-01,2021-01-01,N,STARK,Not Specified,Y,Y,Y
118012021,11801,2021,ND0460000,ND0460000,,N,N,,I,STEELE,STEELE CO SO FINLEY,Steele,,A,33,North Dakota,ND,ND,4,West North Central,2,Midwest,Region II,County,1877,23380,NDUCR0001,Attorney General's Office Bureau of Criminal Investigation Information Services Section,N,16,8D,"Non-MSA counties under 10,000",8,Non-MSA Counties,N,16,,Y,3,0,3,0,0,0,1.6,1.6,1991-01-01,1991-01-01,1991-01-01,2015-01-01,2021-01-01,2021-01-01,N,STEELE,Not Specified,Y,Y,Y
118022021,11802,2021,ND0470000,ND0470000,,N,N,,I,STUTSMAN,STUTSMAN CO SO JAMESTOWN,Stutsman,,A,33,North Dakota,ND,ND,4,West North Central,2,Midwest,Region II,County,5519,23380,NDUCR0001,Attorney General's Office Bureau of Criminal Investigation Information Services Section,N,16,8D,"Non-MSA counties under 10,000",8,Non-MSA Counties,N,16,,Y,11,0,11,2,2,4,2.4,2.7,1991-01-01,1991-01-01,1991-01-01,2014-09-01,2021-01-01,2021-01-01,N,STUTSMAN,Not Specified,Y,Y,Y
118032021,11803,2021,ND0470100,ND0470100,,N,N,,I,JAMESTOWN,JAMESTOWN PD,Jamestown,,A,33,North Dakota,ND,ND,4,West North Central,2,Midwest,Region II,City,14879,23380,NDUCR0001,Attorney General's Office Bureau of Criminal Investigation Information Services Section,N,9,5,"Cities from 10,000 thru 24,999",5,"Cities from 10,000 thru 24,999",N,9,,Y,25,0,25,2,4,6,1.8,2.1,1991-01-01,1991-01-01,1991-01-01,2014-10-01,2021-01-01,2021-01-01,N,STUTSMAN,Not Specified,Y,Y,Y
118042021,11804,2021,ND0480000,ND0480000,,N,N,,I,TOWNER,TOWNER CO SO CANDO,Towner,,A,33,North Dakota,ND,ND,4,West North Central,2,Midwest,Region II,County,2091,23380,NDUCR0001,Attorney General's Office Bureau of Criminal Investigation Information Services Section,N,16,8D,"Non-MSA counties under 10,000",8,Non-MSA Counties,N,16,,Y,6,0,6,0,1,1,2.9,3.3,1991-01-01,1991-01-01,1991-01-01,2015-01-01,2021-01-01,2021-01-01,N,TOWNER,Not Specified,Y,Y,Y
118062021,11806,2021,ND0490000,ND0490000,,N,N,,I,TRAILL,TRAILL CO SO HILLSBORO,Traill,,A,33,North Dakota,ND,ND,4,West North Central,2,Midwest,Region II,County,7931,23380,NDUCR0001,Attorney General's Office Bureau of Criminal Investigation Information Services Section,N,16,8D,"Non-MSA counties under 10,000",8,Non-MSA Counties,N,16,,Y,9,1,10,1,3,4,1.3,1.8,1991-01-01,1991-01-01,1991-01-01,2014-09-01,2021-01-01,2021-01-01,N,TRAILL,Not Specified,Y,Y,Y
118112021,11811,2021,ND0500000,ND0500000,,N,N,,I,WALSH,WALSH CO SO GRAFTON,Walsh,,A,33,North Dakota,ND,ND,4,West North Central,2,Midwest,Region II,County,6298,23380,NDUCR0001,Attorney General's Office Bureau of Criminal Investigation Information Services Section,N,16,8D,"Non-MSA counties under 10,000",8,Non-MSA Counties,N,16,,Y,11,4,15,1,4,5,1.9,3.2,1991-01-01,1991-01-01,1991-01-01,2014-09-01,2021-01-01,2021-01-01,N,WALSH,Not Specified,Y,Y,Y
118122021,11812,2021,ND0500100,ND0500100,,N,N,,I,GRAFTON,GRAFTON PD,Grafton,,A,33,North Dakota,ND,ND,4,West North Central,2,Midwest,Region II,City,4055,23380,NDUCR0001,Attorney General's Office Bureau of Criminal Investigation Information Services Section,N,10,6,"Cities from 2,500 thru 9,999",6,"Cities from 2,500 thru 9,999",N,10,,Y,5,0,5,1,1,2,1.5,1.7,1991-01-01,1991-01-01,1991-01-01,2014-09-01,2021-01-01,2021-01-01,N,WALSH,Not Specified,Y,Y,Y
118132021,11813,2021,ND0510000,ND0510000,,N,N,,I,WARD,WARD CO SO MINOT,Ward,,A,33,North Dakota,ND,ND,4,West North Central,2,Midwest,Region II,County,16750,23380,NDUCR0001,Attorney General's Office Bureau of Criminal Investigation Information Services Section,N,15,8C,"Non-MSA counties from 10,000 thru 24,999",8,Non-MSA Counties,N,15,,Y,35,34,69,7,28,35,2.5,6.2,1991-01-01,1991-01-01,1991-01-01,2014-09-01,2021-01-01,2021-01-01,N,WARD,Not Specified,Y,Y,Y
118142021,11814,2021,ND0510100,ND0510100,,N,N,,I,KENMARE,KENMARE PD,Kenmare,,A,33,North Dakota,ND,ND,4,West North Central,2,Midwest,Region II,City,1019,23380,NDUCR0001,Attorney General's Office Bureau of Criminal Investigation Information Services Section,N,11,7,"Cities under 2,500",7,"Cities under 2,500",N,11,,Y,1,0,1,1,0,1,2.0,2.0,1991-01-01,2010-01-01,2010-01-01,2014-09-01,2020-03-01,2020-03-01,N,WARD,Not Specified,Y,Y,Y
118152021,11815,2021,ND0510200,ND0510200,,N,N,,I,MINOT,MINOT PD,Minot,,A,33,North Dakota,ND,ND,4,West North Central,2,Midwest,Region II,City,48086,23380,NDUCR0001,Attorney General's Office Bureau of Criminal Investigation Information Services Section,N,8,4,"Cities from 25,000 thru 49,999",4,"Cities from 25,000 thru 49,999",N,8,,Y,60,2,62,15,11,26,1.6,1.8,1991-01-01,1991-01-01,1991-01-01,2014-09-01,2021-01-01,2021-01-01,N,WARD,Not Specified,Y,Y,Y
118162021,11816,2021,ND0510300,ND0510300,,N,N,,I,BURLINGTON,BURLINGTON PD,Burlington,,A,33,North Dakota,ND,ND,4,West North Central,2,Midwest,Region II,City,1213,23380,NDUCR0001,Attorney General's Office Bureau of Criminal Investigation Information Services Section,N,11,7,"Cities under 2,500",7,"Cities under 2,500",N,11,,Y,3,0,3,0,0,0,2.5,2.5,1991-01-01,2007-02-01,2007-02-01,2014-12-01,2021-01-01,2021-01-01,N,WARD,Not Specified,Y,Y,Y
118172021,11817,2021,ND0510500,ND0510500,,N,N,,I,SURREY,SURREY PD,Surrey,,A,33,North Dakota,ND,ND,4,West North Central,2,Midwest,Region II,City,1460,23380,NDUCR0001,Attorney General's Office Bureau of Criminal Investigation Information Services Section,N,11,7,"Cities under 2,500",7,"Cities under 2,500",N,11,,Y,1,0,1,1,0,1,1.4,1.4,1991-01-01,2010-01-01,2010-01-01,2014-09-01,2021-01-01,2021-01-01,N,WARD,Not Specified,Y,Y,Y
118182021,11818,2021,ND0520000,ND0520000,,N,N,,I,WELLS,WELLS CO SO FESSENDEN,Wells,,A,33,North Dakota,ND,ND,4,West North Central,2,Midwest,Region II,County,2089,23380,NDUCR0001,Attorney General's Office Bureau of Criminal Investigation Information Services Section,N,16,8D,"Non-MSA counties under 10,000",8,Non-MSA Counties,N,16,,Y,4,0,4,0,1,1,1.9,2.4,1991-01-01,1991-01-01,1991-01-01,2014-09-01,2021-01-01,2021-01-01,N,WELLS,Not Specified,Y,Y,Y
118192021,11819,2021,ND0520100,ND0520100,,N,N,,I,HARVEY,HARVEY PD,Harvey,,A,33,North Dakota,ND,ND,4,West North Central,2,Midwest,Region II,City,1568,23380,NDUCR0001,Attorney General's Office Bureau of Criminal Investigation Information Services Section,N,11,7,"Cities under 2,500",7,"Cities under 2,500",N,11,,Y,3,0,3,1,0,1,2.6,2.6,1991-01-01,1991-01-01,1991-01-01,2014-09-01,2021-01-01,2021-01-01,N,WELLS,Not Specified,Y,Y,Y
118212021,11821,2021,ND0530000,ND0530000,,N,N,,I,WILLIAMS,WILLIAMS CO SO WILLISTON,Williams,,A,33,North Dakota,ND,ND,4,West North Central,2,Midwest,Region II,County,6734,23380,NDUCR0001,Attorney General's Office Bureau of Criminal Investigation Information Services Section,N,16,8D,"Non-MSA counties under 10,000",8,Non-MSA Counties,N,16,,Y,34,18,52,6,31,37,5.9,13.2,1991-01-01,1992-05-01,1992-05-01,2014-09-01,2021-01-01,2021-01-01,N,WILLIAMS,Not Specified,Y,Y,Y
118222021,11822,2021,ND0530200,ND0530200,,N,N,,I,WILLISTON,WILLISTON PD,Williston,,A,33,North Dakota,ND,ND,4,West North Central,2,Midwest,Region II,City,31680,23380,NDUCR0001,Attorney General's Office Bureau of Criminal Investigation Information Services Section,N,8,4,"Cities from 25,000 thru 49,999",4,"Cities from 25,000 thru 49,999",N,8,,Y,65,1,66,10,15,25,2.4,2.9,1991-01-01,1992-09-01,1992-09-01,2014-09-01,2021-01-01,2021-01-01,N,WILLIAMS,Not Specified,Y,Y,Y
118232021,11823,2021,NDDI00100,NDDI00100,,Y,N,,I,TURTLE MOUNTAIN AGENCY,BU IND AFF LAW ENF TURTLE MTN AGENCY BELCOURT,Turtle Mountain Agency,,A,33,North Dakota,ND,ND,4,West North Central,2,Midwest,Region II,Tribal,0,32622,NDDI00100,Turtle Mountain Agency,N,11,7,"Cities under 2,500",7,"Cities under 2,500",N,11,,Y,11,8,19,1,11,12,0,0,2021-01-01,2021-01-01,2021-01-01,2021-02-01,2021-02-01,2021-02-01,N,NOT SPECIFIED,Not Specified,Y,Y,Y
118242021,11824,2021,NDDI00200,NDDI00200,,Y,N,,I,FORT TOTTEN AGENCY,BU IN AFF LAW ENF FT TOTTEN AGENCY FORT TOTTEN,Fort Totten Agency,,A,33,North Dakota,ND,ND,4,West North Central,2,Midwest,Region II,Tribal,0,32656,NDDI00200,Fort Totten Agency,N,11,7,"Cities under 2,500",7,"Cities under 2,500",N,11,,Y,4,5,9,1,2,3,0,0,2021-01-01,2021-01-01,2021-01-01,2021-02-01,2021-02-01,2021-02-01,N,NOT SPECIFIED,Not Specified,Y,Y,Y
118252021,11825,2021,NDDI00300,NDDI00300,,Y,N,,I,STANDING ROCK AGENCY,BU IND AFF LAW ENF FT YATES AGENCY FORT YATES,Standing Rock Agency,,A,33,North Dakota,ND,ND,4,West North Central,2,Midwest,Region II,Tribal,0,32802,NDDI00300,Standing Rock Agency,Y,11,7,"Cities under 2,500",7,"Cities under 2,500",N,11,,Y,17,5,22,1,15,16,0,0,2021-01-01,2021-01-01,2021-01-01,2021-06-01,2021-06-01,2021-06-01,N,NOT SPECIFIED,"Bismarck, ND",Y,Y,Y
118272021,11827,2021,NDDI01900,NDDI01900,,Y,N,,I,THREE AFFILIATED TRIBES,THREE AFFILIATED TRIBES POLICE DEPARTMENT,Three Affiliated Tribes,,A,33,North Dakota,ND,ND,4,West North Central,2,Midwest,Region II,Tribal,0,33354,NDDI01900,Three Affiliated Tribes,N,11,7,"Cities under 2,500",7,"Cities under 2,500",N,11,,Y,23,3,26,6,9,15,0,0,2021-01-01,2021-01-01,2021-06-01,2021-06-01,2021-06-01,2021-06-01,N,NOT SPECIFIED,Not Specified,Y,Y,Y
118282021,11828,2021,NDNHP0000,NDNHP0000,,N,N,,I,ND HIGHWAY PATROL,SHP HDQ BISMARCK,North Dakota Highway Patrol,,A,33,North Dakota,ND,ND,4,West North Central,2,Midwest,Region II,State Police,0,23380,NDUCR0001,Attorney General's Office Bureau of Criminal Investigation Information Services Section,N,16,8D,"Non-MSA counties under 10,000",8,Non-MSA Counties,N,16,,Y,148,10,158,7,24,31,0,0,1991-01-01,2012-01-01,2012-01-01,2015-02-01,2021-01-01,2021-01-01,N,NOT SPECIFIED,Not Specified,Y,Y,Y
232812021,23281,2021,ND0530100,ND0530100,,N,N,,I,TIOGA,TIOGA,Tioga,,A,33,North Dakota,ND,ND,4,West North Central,2,Midwest,Region II,City,1405,23380,NDUCR0001,Attorney General's Office Bureau of Criminal Investigation Information Services Section,N,11,7,"Cities under 2,500",7,"Cities under 2,500",N,11,,Y,4,0,4,1,1,2,3.6,4.3,1991-01-01,2012-01-01,2012-01-01,2014-09-01,2021-01-01,2021-01-01,N,WILLIAMS,Not Specified,Y,Y,Y
252762021,25276,2021,ND0510600,ND0510600,,N,N,,I,BERTHOLD,BERTHOLD,Berthold,,A,33,North Dakota,ND,ND,4,West North Central,2,Midwest,Region II,City,494,23380,NDUCR0001,Attorney General's Office Bureau of Criminal Investigation Information Services Section,N,11,7,"Cities under 2,500",7,"Cities under 2,500",N,11,,Y,1,0,1,0,0,0,2.0,2.0,1991-01-01,2013-02-01,2013-02-01,2014-10-01,2021-01-01,2021-01-01,N,WARD,Not Specified,Y,Y,Y
258352021,25835,2021,ND0080500,ND0080500,,N,N,,I,BISMARCK STATE COLLEGE,,Bismarck State College,,A,33,North Dakota,ND,ND,4,West North Central,2,Midwest,Region II,University or College,0,23380,NDUCR0001,Attorney General's Office Bureau of Criminal Investigation Information Services Section,Y,11,7,"Cities under 2,500",7,"Cities under 2,500",N,11,,Y,2,0,2,1,0,1,0,0,1991-01-01,2015-12-01,2015-12-01,2016-01-01,2020-06-01,2020-06-01,N,BURLEIGH,"Bismarck, ND",Y,Y,Y
262852021,26285,2021,ND0530400,ND0530400,,N,N,,I,RAY,,Ray,,A,33,North Dakota,ND,ND,4,West North Central,2,Midwest,Region II,City,989,23380,NDUCR0001,Attorney General's Office Bureau of Criminal Investigation Information Services Section,N,11,7,"Cities under 2,500",7,"Cities under 2,500",N,11,,Y,1,0,1,0,0,0,1.0,1.0,1991-01-01,2016-05-01,2016-05-01,2016-12-01,2020-09-01,2020-09-01,N,WILLIAMS,Not Specified,Y,Y,Y
276102021,27610,2021,ND0400400,ND0400400,,N,N,,I,ROLETTE,,Rolette,,A,33,North Dakota,ND,ND,4,West North Central,2,Midwest,Region II,City,585,23380,NDUCR0001,Attorney General's Office Bureau of Criminal Investigation Information Services Section,N,11,7,"Cities under 2,500",7,"Cities under 2,500",N,11,,Y,2,0,2,0,0,0,3.4,3.4,1991-01-01,2018-05-01,2018-05-01,2018-09-01,2021-01-01,2021-01-01,N,ROLETTE,Not Specified,Y,Y,Y
300742021,30074,2021,NDBCA0000,NDBCA0000,,N,N,,I,ND BUREAU OF CRIMINAL INVESTIGATIONS,,North Dakota Bureau of Criminal Investigation,,A,33,North Dakota,ND,ND,4,West North Central,2,Midwest,Region II,Other State Agency,0,23380,NDUCR0001,Attorney General's Office Bureau of Criminal Investigation Information Services Section,N,11,7,"Cities under 2,500",7,"Cities under 2,500",N,11,,Y,48,0,48,7,0,7,0,0,1991-01-01,2020-05-01,2020-05-01,2020-07-01,2021-01-01,2021-01-01,N,NOT SPECIFIED,Not Specified,Y,Y,Y
305542021,30554,2021,ND0280100,ND0280100,,N,N,,I,GARRISON,,Garrison,,A,33,North Dakota,ND,ND,4,West North Central,2,Midwest,Region II,City,1458,23380,NDUCR0001,Attorney General's Office Bureau of Criminal Investigation Information Services Section,N,11,7,"Cities under 2,500",7,"Cities under 2,500",N,11,,Y,2,0,2,1,0,1,2.1,2.1,1991-01-01,2020-02-01,2020-02-01,2020-07-01,2021-01-01,2021-01-01,N,MCLEAN,Not Specified,Y,Y,Y
336972021,33697,2021,ND0340300,ND0340300,,N,N,,I,DRAYTON,,Drayton,,A,33,North Dakota,ND,ND,4,West North Central,2,Midwest,Region II,City,719,23380,NDUCR0001,Attorney General's Office Bureau of Criminal Investigation Information Services Section,N,11,7,"Cities under 2,500",7,"Cities under 2,500",N,11,,N,0,0,0,0,0,0,0.0,0.0,1991-01-01,2021-12-01,2022-01-01,2022-01-01,2022-01-01,2022-01-01,N,PEMBINA,Not Specified,Y,Y,Y
